{"cameraMode":{"drawMode":0,"name":"Shaded","section":"Shading Mode"},"sceneLighting":false,"audioPlay":false,"sceneViewState":{"showFog":false,"showMaterialUpdate":false,"showSkybox":false,"showFlares":false,"showImageEffects":false,"showParticleSystems":false},"in2DMode":false,"pivot":{"x":0.994879961013794,"y":0.5837717056274414,"z":0.3344893455505371},"rotation":{"x":-0.07640411704778671,"y":0.025473853573203088,"z":-0.001952629303559661,"w":-0.9967495799064636},"size":3.777022361755371,"orthographic":false}