{"cameraMode":{"drawMode":0,"name":"Shaded","section":"Shading Mode"},"sceneLighting":false,"audioPlay":false,"sceneViewState":{"showFog":false,"showMaterialUpdate":false,"showSkybox":false,"showFlares":false,"showImageEffects":false,"showParticleSystems":false},"in2DMode":false,"pivot":{"x":10.059667587280274,"y":8.650020599365235,"z":13.324385643005371},"rotation":{"x":-0.18011604249477387,"y":-0.06481879949569702,"z":0.011895627714693547,"w":-0.9814352989196777},"size":2.8578836917877199,"orthographic":false}