{"cameraMode":{"drawMode":0,"name":"Shaded","section":"Shading Mode"},"sceneLighting":false,"audioPlay":false,"sceneViewState":{"showFog":false,"showMaterialUpdate":false,"showSkybox":false,"showFlares":false,"showImageEffects":false,"showParticleSystems":false},"in2DMode":false,"pivot":{"x":13.486538887023926,"y":14.486180305480957,"z":0.12908387184143067},"rotation":{"x":-0.23287037014961244,"y":-0.06117111071944237,"z":0.014678264036774636,"w":-0.9704710841178894},"size":2.8578836917877199,"orthographic":false}