{"cameraMode":{"drawMode":0,"name":"Shaded","section":"Shading Mode"},"sceneLighting":false,"audioPlay":false,"sceneViewState":{"showFog":false,"showMaterialUpdate":false,"showSkybox":false,"showFlares":false,"showImageEffects":false,"showParticleSystems":false},"in2DMode":false,"pivot":{"x":0.29179060459136965,"y":0.008652687072753907,"z":0.1048898696899414},"rotation":{"x":-0.15318289399147035,"y":0.16523027420043946,"z":-0.025987669825553895,"w":-0.9739397764205933},"size":3.5234358310699465,"orthographic":false}