{"cameraMode":{"drawMode":0,"name":"Shaded","section":"Shading Mode"},"sceneLighting":false,"audioPlay":false,"sceneViewState":{"showFog":false,"showMaterialUpdate":false,"showSkybox":false,"showFlares":false,"showImageEffects":false,"showParticleSystems":false},"in2DMode":false,"pivot":{"x":34.92495346069336,"y":18.020889282226564,"z":-3.6619179248809816},"rotation":{"x":-0.15318289399147035,"y":0.16523027420043946,"z":-0.025987669825553895,"w":-0.9739397764205933},"size":2.8578836917877199,"orthographic":false}